oyuncu,takim,tum_takimlar,transfer,mac_sayisi,ilk11_mac,yedek_mac,gol_sayisi,gol_ayak,gol_kafa,penalti_gol,gol_ort,sari_kart,kirmizi_kart,toplam_dakika
ARMISA KUÇ,ANKARA BÜYÜKŞEHİR BELEDİYESİ FOMGET SPOR KULÜBÜ,ANKARA BÜYÜKŞEHİR BELEDİYESİ FOMGET SPOR KULÜBÜ,False,5,5,0,8,7,1,0,1.6,3,0,450
CRISTINA MARTIN PRIETO GUTIEREZ,GALATASARAY A.Ş.,GALATASARAY A.Ş.,False,5,4,1,7,6,0,1,1.4,0,0,343
ELIZABETH OWUSUAA,HAKKARİGÜCÜ SPOR,HAKKARİGÜCÜ SPOR,False,5,5,0,6,5,1,0,1.2,2,0,450
LAURIE ANN MOISE,KARADEMİR GRUP KAYSERİ KADIN FUTBOL KULÜBÜ,KARADEMİR GRUP KAYSERİ KADIN FUTBOL KULÜBÜ / KAYSERİ KADIN FUTBOL KULÜBÜ,True,5,5,0,5,4,1,0,1.0,1,0,433
TERESA DEDA,SULTANBEYLİ GÜCÜ SPOR KULÜBÜ,SULTANBEYLİ GÜCÜ SPOR KULÜBÜ,False,5,5,0,4,4,0,0,0.8,0,0,450
MARTA NAIZIA DA SILVA CINTRA,GALATASARAY A.Ş.,GALATASARAY A.Ş.,False,5,1,4,3,2,0,1,0.6,0,0,195
MELİKE PEKEL,GALATASARAY A.Ş.,GALATASARAY A.Ş.,False,5,5,0,3,3,0,0,0.6,2,0,395
HEMBAFAN ROSELINA AYATSEA,KARADEMİR GRUP KAYSERİ KADIN FUTBOL KULÜBÜ,KARADEMİR GRUP KAYSERİ KADIN FUTBOL KULÜBÜ / KAYSERİ KADIN FUTBOL KULÜBÜ,True,5,4,1,3,3,0,0,0.6,0,0,368
AMENI AYED,SULTANBEYLİ GÜCÜ SPOR KULÜBÜ,SULTANBEYLİ GÜCÜ SPOR KULÜBÜ,False,5,5,0,3,2,1,0,0.6,1,0,412
Vina Crnoja,AMED SPORTİF FAALİYETLER,AMED SPORTİF FAALİYETLER,False,5,4,1,2,2,0,0,0.4,0,0,422
Yolande Gnammi,AMED SPORTİF FAALİYETLER,AMED SPORTİF FAALİYETLER,False,5,4,1,2,2,0,0,0.4,0,0,404
RASMATA SAWADOGO,ANKARA BÜYÜKŞEHİR BELEDİYESİ FOMGET SPOR KULÜBÜ,ANKARA BÜYÜKŞEHİR BELEDİYESİ FOMGET SPOR KULÜBÜ,False,5,5,0,2,2,0,0,0.4,0,0,373
ANDELA TOSKOVIC,ANKARA BÜYÜKŞEHİR BELEDİYESİ FOMGET SPOR KULÜBÜ,ANKARA BÜYÜKŞEHİR BELEDİYESİ FOMGET SPOR KULÜBÜ,False,5,3,2,2,2,0,0,0.4,0,0,312
CANSU İRİŞ,SULTANBEYLİ GÜCÜ SPOR KULÜBÜ,SULTANBEYLİ GÜCÜ SPOR KULÜBÜ,False,5,5,0,2,1,1,0,0.4,0,0,428
EDA KARATAŞ,GALATASARAY A.Ş.,GALATASARAY A.Ş.,False,5,5,0,1,0,1,0,0.2,1,0,420
MELİKE ÖZTÜRK,GALATASARAY A.Ş.,GALATASARAY A.Ş.,False,5,4,1,1,1,0,0,0.2,1,0,272
Marija Ilic,AMED SPORTİF FAALİYETLER,AMED SPORTİF FAALİYETLER,False,5,5,0,1,0,1,0,0.2,1,0,358
MERYEM SEVENT,AMED SPORTİF FAALİYETLER,AMED SPORTİF FAALİYETLER,False,5,5,0,1,0,1,0,0.2,0,0,390
NAZLI ÖRNEK,AMED SPORTİF FAALİYETLER,AMED SPORTİF FAALİYETLER,False,5,5,0,1,1,0,0,0.2,2,0,428
MARIANE INES MAAGUE,AMED SPORTİF FAALİYETLER,AMED SPORTİF FAALİYETLER,False,5,5,0,1,1,0,0,0.2,0,0,450
Sara Vranic,AMED SPORTİF FAALİYETLER,AMED SPORTİF FAALİYETLER,False,5,5,0,1,1,0,0,0.2,0,0,399
BUKET KARADAĞ,AMED SPORTİF FAALİYETLER,AMED SPORTİF FAALİYETLER,False,5,3,2,1,0,1,0,0.2,0,0,283
MILICA MIJATOVIC,ANKARA BÜYÜKŞEHİR BELEDİYESİ FOMGET SPOR KULÜBÜ,ANKARA BÜYÜKŞEHİR BELEDİYESİ FOMGET SPOR KULÜBÜ,False,5,5,0,1,0,0,1,0.2,1,0,399
AYOWUNMI MAMA OMOSUYI,KARADEMİR GRUP KAYSERİ KADIN FUTBOL KULÜBÜ,KARADEMİR GRUP KAYSERİ KADIN FUTBOL KULÜBÜ / KAYSERİ KADIN FUTBOL KULÜBÜ,True,5,4,1,1,1,0,0,0.2,0,0,338
LUSHOMO MWEEMBA,HAKKARİGÜCÜ SPOR,HAKKARİGÜCÜ SPOR,False,5,5,0,1,1,0,0,0.2,0,0,450
VICTORIA THALITA ALVRANGA DIAS,HAKKARİGÜCÜ SPOR,HAKKARİGÜCÜ SPOR,False,5,5,0,1,1,0,0,0.2,1,0,450
PATRICIA ISABEL DE SOUSA BARROS MORAIS,GALATASARAY A.Ş.,GALATASARAY A.Ş.,False,5,5,0,0,0,0,0,0.0,1,0,450
CAROLE DA SILVA COSTA,GALATASARAY A.Ş.,GALATASARAY A.Ş.,False,5,5,0,0,0,0,0,0.0,1,0,430
JESSICA LISANDRA MAJENJE NOGUEIRA DA SILVA,GALATASARAY A.Ş.,GALATASARAY A.Ş.,False,5,4,1,0,0,0,0,0.0,1,0,355
DANA MARGARETHA WILHELMINA FOEDERER,GALATASARAY A.Ş.,GALATASARAY A.Ş.,False,5,5,0,0,0,0,0,0.0,2,0,450
ELİF KESKİN,GALATASARAY A.Ş.,GALATASARAY A.Ş.,False,5,5,0,0,0,0,0,0.0,0,0,428
AUDE GBEDJISSI,GALATASARAY A.Ş.,GALATASARAY A.Ş.,False,5,5,0,0,0,0,0,0.0,0,0,450
SEMA POLAT,AMED SPORTİF FAALİYETLER,AMED SPORTİF FAALİYETLER,False,5,5,0,0,0,0,0,0.0,0,0,406
MIRACLE OFEM USANI,ANKARA BÜYÜKŞEHİR BELEDİYESİ FOMGET SPOR KULÜBÜ,ANKARA BÜYÜKŞEHİR BELEDİYESİ FOMGET SPOR KULÜBÜ,False,5,5,0,0,0,0,0,0.0,0,0,406
ARZU KARABULUT,ANKARA BÜYÜKŞEHİR BELEDİYESİ FOMGET SPOR KULÜBÜ,ANKARA BÜYÜKŞEHİR BELEDİYESİ FOMGET SPOR KULÜBÜ,False,5,5,0,0,0,0,0,0.0,2,0,346
FATMA NUR ŞENSES,KARADEMİR GRUP KAYSERİ KADIN FUTBOL KULÜBÜ,KARADEMİR GRUP KAYSERİ KADIN FUTBOL KULÜBÜ / KAYSERİ KADIN FUTBOL KULÜBÜ,True,5,5,0,0,0,0,0,0.0,1,0,450
ALUWABUNMI SEMILORE OLADEJI,KARADEMİR GRUP KAYSERİ KADIN FUTBOL KULÜBÜ,KARADEMİR GRUP KAYSERİ KADIN FUTBOL KULÜBÜ / KAYSERİ KADIN FUTBOL KULÜBÜ,True,5,5,0,0,0,0,0,0.0,1,0,450
BLESSED CHIZAMEZE ISIGBO,KARADEMİR GRUP KAYSERİ KADIN FUTBOL KULÜBÜ,KARADEMİR GRUP KAYSERİ KADIN FUTBOL KULÜBÜ / KAYSERİ KADIN FUTBOL KULÜBÜ,True,5,4,1,0,0,0,0,0.0,0,0,380
CYNTHIA CRIYOMI MEGA,KARADEMİR GRUP KAYSERİ KADIN FUTBOL KULÜBÜ,KARADEMİR GRUP KAYSERİ KADIN FUTBOL KULÜBÜ / KAYSERİ KADIN FUTBOL KULÜBÜ,True,5,3,2,0,0,0,0,0.0,0,0,278
MARIAM OLAWUMI ABDULKABIR,KARADEMİR GRUP KAYSERİ KADIN FUTBOL KULÜBÜ,KARADEMİR GRUP KAYSERİ KADIN FUTBOL KULÜBÜ / KAYSERİ KADIN FUTBOL KULÜBÜ,True,5,2,3,0,0,0,0,0.0,0,0,193
ÇİĞDEM BELCİ,SULTANBEYLİ GÜCÜ SPOR KULÜBÜ,SULTANBEYLİ GÜCÜ SPOR KULÜBÜ,False,5,5,0,0,0,0,0,0.0,0,0,450
ZEYNEP ÜLKÜ KAHYA,SULTANBEYLİ GÜCÜ SPOR KULÜBÜ,SULTANBEYLİ GÜCÜ SPOR KULÜBÜ,False,5,5,0,0,0,0,0,0.0,1,0,439
AYŞE ŞEVVAL AY,SULTANBEYLİ GÜCÜ SPOR KULÜBÜ,SULTANBEYLİ GÜCÜ SPOR KULÜBÜ,False,5,5,0,0,0,0,0,0.0,0,0,450
SERPİL İŞLER,SULTANBEYLİ GÜCÜ SPOR KULÜBÜ,SULTANBEYLİ GÜCÜ SPOR KULÜBÜ,False,5,1,4,0,0,0,0,0.0,1,0,89
CRISTINA ELIZABETH RECALDE  CABANAS,HAKKARİGÜCÜ SPOR,HAKKARİGÜCÜ SPOR,False,5,5,0,0,0,0,0,0.0,0,0,450
MELDA ÇETİN,HAKKARİGÜCÜ SPOR,HAKKARİGÜCÜ SPOR,False,5,5,0,0,0,0,0,0.0,2,0,450
JUSTİCE TWENEBOAA,HAKKARİGÜCÜ SPOR,HAKKARİGÜCÜ SPOR,False,5,5,0,0,0,0,0,0.0,0,0,450
ALEYNA MERAL,HAKKARİGÜCÜ SPOR,HAKKARİGÜCÜ SPOR,False,5,5,0,0,0,0,0,0.0,0,0,450
ÖZLEM AKKAYA,HAKKARİGÜCÜ SPOR,HAKKARİGÜCÜ SPOR,False,5,4,1,0,0,0,0,0.0,1,0,369
ANDREA STASKOVA,FENERBAHÇE ARSAVEV KADIN FUTBOL TAKIMI,FENERBAHÇE ARSAVEV KADIN FUTBOL TAKIMI,False,4,4,0,5,5,0,0,1.25,0,0,341
KARYNA ALKHOVIK,ANKARA BÜYÜKŞEHİR BELEDİYESİ FOMGET SPOR KULÜBÜ,ANKARA BÜYÜKŞEHİR BELEDİYESİ FOMGET SPOR KULÜBÜ,False,4,2,2,4,4,0,0,1.0,0,0,268
AZRA TIRAŞ,HAYMANA SPOR KULÜBÜ,HAYMANA SPOR KULÜBÜ,False,4,4,0,3,2,1,0,0.75,0,0,330
KAFAYAT ATOKE BAŞHIRU,KARADEMİR GRUP KAYSERİ KADIN FUTBOL KULÜBÜ,KARADEMİR GRUP KAYSERİ KADIN FUTBOL KULÜBÜ / KAYSERİ KADIN FUTBOL KULÜBÜ,True,4,4,0,3,2,1,0,0.75,1,0,347
RAFAELA SUDRE DOS SANTOS,BEŞİKTAŞ A.Ş.,BEŞİKTAŞ A.Ş.,False,4,4,0,2,2,0,0,0.5,1,0,360
POPOVIC MILICA,BEŞİKTAŞ A.Ş.,BEŞİKTAŞ A.Ş.,False,4,4,0,2,2,0,0,0.5,0,0,327
DONJETA HALILAJ,TRABZONSPOR A.Ş.,TRABZONSPOR A.Ş.,False,4,4,0,2,1,0,1,0.5,0,1,323
PRINCESS OWUSU,HAYMANA SPOR KULÜBÜ,HAYMANA SPOR KULÜBÜ,False,4,4,0,2,2,0,0,0.5,0,0,360
AMANDA MARIA LIHV,1207 ANTALYASPOR  KADIN FUTBOL KULÜBÜ,1207 ANTALYASPOR  KADIN FUTBOL KULÜBÜ,False,4,4,0,2,2,0,0,0.5,0,0,360
BUSEM ŞEKER,FENERBAHÇE ARSAVEV KADIN FUTBOL TAKIMI,FENERBAHÇE ARSAVEV KADIN FUTBOL TAKIMI,False,4,3,1,2,1,1,0,0.5,0,0,300
KALTRINA BIQKAJ,ANKARA BÜYÜKŞEHİR BELEDİYESİ FOMGET SPOR KULÜBÜ,ANKARA BÜYÜKŞEHİR BELEDİYESİ FOMGET SPOR KULÜBÜ,False,4,0,4,2,2,0,0,0.5,0,0,88
VALENTINA TROKA,SULTANBEYLİ GÜCÜ SPOR KULÜBÜ,SULTANBEYLİ GÜCÜ SPOR KULÜBÜ,False,4,3,1,2,1,1,0,0.5,0,0,312
GWLADYS TATIANA EWODO EKOGO,AMED SPORTİF FAALİYETLER,AMED SPORTİF FAALİYETLER,False,4,2,2,2,2,0,0,0.5,0,0,206
NİHAL SARAÇ,BEŞİKTAŞ A.Ş.,BEŞİKTAŞ A.Ş.,False,4,4,0,1,0,1,0,0.25,2,0,324
JELENA KARLİCİC,BEŞİKTAŞ A.Ş.,BEŞİKTAŞ A.Ş.,False,4,1,3,1,1,0,0,0.25,0,0,150
YELİZ AÇAR,BEŞİKTAŞ A.Ş.,BEŞİKTAŞ A.Ş.,False,4,4,0,1,0,1,0,0.25,0,0,334
BİRGÜL SADIKOĞLU,BEŞİKTAŞ A.Ş.,BEŞİKTAŞ A.Ş.,False,4,4,0,1,1,0,0,0.25,0,0,332
FATMA KARA GÜLTEKİN,TRABZONSPOR A.Ş.,TRABZONSPOR A.Ş.,False,4,4,0,1,0,1,0,0.25,0,0,343
ABIGAIL KOFI KIM,TRABZONSPOR A.Ş.,TRABZONSPOR A.Ş.,False,4,3,1,1,1,0,0,0.25,0,0,258
ELVİN BALCI,HAYMANA SPOR KULÜBÜ,HAYMANA SPOR KULÜBÜ,False,4,4,0,1,1,0,0,0.25,1,0,308
PAOLA SIMONE NICOLE ELLIS,HAYMANA SPOR KULÜBÜ,HAYMANA SPOR KULÜBÜ,False,4,4,0,1,1,0,0,0.25,0,0,286
LAVIN ANYANGO ACHOLA,HAYMANA SPOR KULÜBÜ,HAYMANA SPOR KULÜBÜ,False,4,4,0,1,1,0,0,0.25,0,0,328
KIERA RILEY LANEY,1207 ANTALYASPOR  KADIN FUTBOL KULÜBÜ,1207 ANTALYASPOR  KADIN FUTBOL KULÜBÜ,False,4,4,0,1,1,0,0,0.25,0,0,360
CHINATSU KAIO,1207 ANTALYASPOR  KADIN FUTBOL KULÜBÜ,1207 ANTALYASPOR  KADIN FUTBOL KULÜBÜ,False,4,4,0,1,1,0,0,0.25,0,0,360
REGINA IBIANG OTU,FENERBAHÇE ARSAVEV KADIN FUTBOL TAKIMI,FENERBAHÇE ARSAVEV KADIN FUTBOL TAKIMI,False,4,4,0,1,1,0,0,0.25,0,0,316
SULIAT OLAJUMOKE ABIDEEN,FENERBAHÇE ARSAVEV KADIN FUTBOL TAKIMI,FENERBAHÇE ARSAVEV KADIN FUTBOL TAKIMI,False,4,2,2,1,1,0,0,0.25,0,0,225
ZSANETT BERNADETT KAJAN,FENERBAHÇE ARSAVEV KADIN FUTBOL TAKIMI,FENERBAHÇE ARSAVEV KADIN FUTBOL TAKIMI,False,4,4,0,1,1,0,0,0.25,0,0,303
ZEYNEP KERİMOĞLU,FENERBAHÇE ARSAVEV KADIN FUTBOL TAKIMI,FENERBAHÇE ARSAVEV KADIN FUTBOL TAKIMI,False,4,1,3,1,0,1,0,0.25,0,0,117
ŞEHRİBAN DÜLEK,SULTANBEYLİ GÜCÜ SPOR KULÜBÜ,SULTANBEYLİ GÜCÜ SPOR KULÜBÜ,False,4,4,0,1,1,0,0,0.25,2,0,360
HELİN ERBULUN,BAKIRKÖY KADIN FUTBOL SPOR KULÜBÜ,BAKIRKÖY KADIN FUTBOL SPOR KULÜBÜ,False,4,4,0,1,1,0,0,0.25,0,0,360
ESİN NİSA SİVASLI,ŞİLE BİLGİDOĞA SPORTİF YATIRIM HİZMETLERİ A.Ş,ŞİLE BİLGİDOĞA SPORTİF YATIRIM HİZMETLERİ A.Ş,False,4,4,0,1,1,0,0,0.25,0,0,316
SUZZY DEDE TEYE,YÜKSEKOVA SPOR KULÜBÜ,YÜKSEKOVA SPOR KULÜBÜ,False,4,4,0,1,1,0,0,0.25,0,0,356
PRİNCELLA ADUBEA,YÜKSEKOVA SPOR KULÜBÜ,YÜKSEKOVA SPOR KULÜBÜ,False,4,3,1,1,0,1,0,0.25,0,0,304
LAURA CARİNE TALEB MULLER,YÜKSEKOVA SPOR KULÜBÜ,YÜKSEKOVA SPOR KULÜBÜ,False,4,3,1,1,1,0,0,0.25,0,0,240
MAIKO BEBIA,YÜKSEKOVA SPOR KULÜBÜ,YÜKSEKOVA SPOR KULÜBÜ,False,4,3,1,1,1,0,0,0.25,0,0,339
MERYEM KÜÇÜKBİRİNCİ,BEŞİKTAŞ A.Ş.,BEŞİKTAŞ A.Ş.,False,4,4,0,0,0,0,0,0.0,1,0,360
ECE TEKMEN,BEŞİKTAŞ A.Ş.,BEŞİKTAŞ A.Ş.,False,4,4,0,0,0,0,0,0.0,0,0,294
İLAYDA CİVELEK,BEŞİKTAŞ A.Ş.,BEŞİKTAŞ A.Ş.,False,4,4,0,0,0,0,0,0.0,0,0,327
CANSU NUR KAYA,BEŞİKTAŞ A.Ş.,BEŞİKTAŞ A.Ş.,False,4,4,0,0,0,0,0,0.0,2,0,207
SEVGİ ÇINAR KARAOĞLU,BEŞİKTAŞ A.Ş.,BEŞİKTAŞ A.Ş.,False,4,0,4,0,0,0,0,0.0,0,0,78
GAMZE NUR YAMAN,TRABZONSPOR A.Ş.,TRABZONSPOR A.Ş.,False,4,4,0,0,0,0,0,0.0,1,0,360
RABİA NUR KÜÇÜK,TRABZONSPOR A.Ş.,TRABZONSPOR A.Ş.,False,4,4,0,0,0,0,0,0.0,0,0,248
BLERTA SMAILI,TRABZONSPOR A.Ş.,TRABZONSPOR A.Ş.,False,4,4,0,0,0,0,0,0.0,0,0,360
BARBARA ZAGONYI,TRABZONSPOR A.Ş.,TRABZONSPOR A.Ş.,False,4,4,0,0,0,0,0,0.0,0,0,353
BAŞAK İÇİNÖZBEBEK,TRABZONSPOR A.Ş.,TRABZONSPOR A.Ş.,False,4,2,2,0,0,0,0,0.0,1,0,175
VIOLAH NAMBI,TRABZONSPOR A.Ş.,TRABZONSPOR A.Ş.,False,4,2,2,0,0,0,0,0.0,0,0,208
MARIJA ALEKSIC,TRABZONSPOR A.Ş.,TRABZONSPOR A.Ş.,False,4,2,2,0,0,0,0,0.0,1,0,243
JAEEUN SONG,TRABZONSPOR A.Ş.,TRABZONSPOR A.Ş.,False,4,1,3,0,0,0,0,0.0,1,0,112
SYDNEY CELESTE BELLAMY,HAYMANA SPOR KULÜBÜ,HAYMANA SPOR KULÜBÜ,False,4,4,0,0,0,0,0,0.0,0,0,316
EZEL GÖÇMEN,HAYMANA SPOR KULÜBÜ,HAYMANA SPOR KULÜBÜ,False,4,3,1,0,0,0,0,0.0,1,0,318
ALEKSANDRA MARKOVSKA,HAYMANA SPOR KULÜBÜ,HAYMANA SPOR KULÜBÜ,False,4,4,0,0,0,0,0,0.0,1,0,360
NİSA YEŞİLYURT,HAYMANA SPOR KULÜBÜ,HAYMANA SPOR KULÜBÜ,False,4,4,0,0,0,0,0,0.0,0,0,324
ÖZGE HARMAN,HAYMANA SPOR KULÜBÜ,HAYMANA SPOR KULÜBÜ,False,4,4,0,0,0,0,0,0.0,0,0,360
NURSENA GÖKKAYA,HAYMANA SPOR KULÜBÜ,HAYMANA SPOR KULÜBÜ,False,4,4,0,0,0,0,0,0.0,0,0,333
OLIVIA AKYEA ASIAMAH,1207 ANTALYASPOR  KADIN FUTBOL KULÜBÜ,1207 ANTALYASPOR  KADIN FUTBOL KULÜBÜ,False,4,4,0,0,0,0,0,0.0,0,0,360
HELENA OBENG,1207 ANTALYASPOR  KADIN FUTBOL KULÜBÜ,1207 ANTALYASPOR  KADIN FUTBOL KULÜBÜ,False,4,4,0,0,0,0,0,0.0,0,0,328
FATMA KILINÇ,1207 ANTALYASPOR  KADIN FUTBOL KULÜBÜ,1207 ANTALYASPOR  KADIN FUTBOL KULÜBÜ,False,4,4,0,0,0,0,0,0.0,0,0,360
MYLA BRYNN SCHNEIDER,1207 ANTALYASPOR  KADIN FUTBOL KULÜBÜ,1207 ANTALYASPOR  KADIN FUTBOL KULÜBÜ,False,4,4,0,0,0,0,0,0.0,0,0,360
BEYZA EMİNE SARUHAN,1207 ANTALYASPOR  KADIN FUTBOL KULÜBÜ,1207 ANTALYASPOR  KADIN FUTBOL KULÜBÜ,False,4,4,0,0,0,0,0,0.0,0,0,360
YAĞMUR BEREN GÖNÜLLÜ,1207 ANTALYASPOR  KADIN FUTBOL KULÜBÜ,1207 ANTALYASPOR  KADIN FUTBOL KULÜBÜ,False,4,1,3,0,0,0,0,0.0,0,0,155
BÜŞRA BECERİKLİ,AMED SPORTİF FAALİYETLER,AMED SPORTİF FAALİYETLER,False,4,4,0,0,0,0,0,0.0,0,0,325
ECE TÜRKOĞLU,FENERBAHÇE ARSAVEV KADIN FUTBOL TAKIMI,FENERBAHÇE ARSAVEV KADIN FUTBOL TAKIMI,False,4,3,1,0,0,0,0,0.0,0,0,300
MARIA APARECIDA SOUZA ALVES,FENERBAHÇE ARSAVEV KADIN FUTBOL TAKIMI,FENERBAHÇE ARSAVEV KADIN FUTBOL TAKIMI,False,4,3,1,0,0,0,0,0.0,0,0,230
FATMA ŞAKAR,FENERBAHÇE ARSAVEV KADIN FUTBOL TAKIMI,FENERBAHÇE ARSAVEV KADIN FUTBOL TAKIMI,False,4,1,3,0,0,0,0,0.0,0,0,115
MARIA ASUNCION QUINONES GOICOECHEA,ANKARA BÜYÜKŞEHİR BELEDİYESİ FOMGET SPOR KULÜBÜ,ANKARA BÜYÜKŞEHİR BELEDİYESİ FOMGET SPOR KULÜBÜ,False,4,4,0,0,0,0,0,0.0,1,0,360
DİLAN BORA,ANKARA BÜYÜKŞEHİR BELEDİYESİ FOMGET SPOR KULÜBÜ,ANKARA BÜYÜKŞEHİR BELEDİYESİ FOMGET SPOR KULÜBÜ,False,4,4,0,0,0,0,0,0.0,1,0,296
EBRU ŞAHİN,ANKARA BÜYÜKŞEHİR BELEDİYESİ FOMGET SPOR KULÜBÜ,ANKARA BÜYÜKŞEHİR BELEDİYESİ FOMGET SPOR KULÜBÜ,False,4,0,4,0,0,0,0,0.0,0,0,108
BAHAR ÖZEN,KAYSERİ KADIN FUTBOL KULÜBÜ,KAYSERİ KADIN FUTBOL KULÜBÜ / KARADEMİR GRUP KAYSERİ KADIN FUTBOL KULÜBÜ,True,4,3,1,0,0,0,0,0.0,1,0,218
AYŞE DEMİRCİ,KAYSERİ KADIN FUTBOL KULÜBÜ,KAYSERİ KADIN FUTBOL KULÜBÜ / KARADEMİR GRUP KAYSERİ KADIN FUTBOL KULÜBÜ,True,4,3,1,0,0,0,0,0.0,0,0,253
AÇELYA NOMAK,SULTANBEYLİ GÜCÜ SPOR KULÜBÜ,SULTANBEYLİ GÜCÜ SPOR KULÜBÜ,False,4,4,0,0,0,0,0,0.0,2,1,360
LARA KARACA,BAKIRKÖY KADIN FUTBOL SPOR KULÜBÜ,BAKIRKÖY KADIN FUTBOL SPOR KULÜBÜ,False,4,4,0,0,0,0,0,0.0,0,0,360
BETÜL BİRGÜL KARACA,BAKIRKÖY KADIN FUTBOL SPOR KULÜBÜ,BAKIRKÖY KADIN FUTBOL SPOR KULÜBÜ,False,4,4,0,0,0,0,0,0.0,0,0,360
İMREN AKKAYA,BAKIRKÖY KADIN FUTBOL SPOR KULÜBÜ,BAKIRKÖY KADIN FUTBOL SPOR KULÜBÜ,False,4,4,0,0,0,0,0,0.0,0,0,360
GİZEM AYDIN,BAKIRKÖY KADIN FUTBOL SPOR KULÜBÜ,BAKIRKÖY KADIN FUTBOL SPOR KULÜBÜ,False,4,4,0,0,0,0,0,0.0,1,0,360
BEYZA NUR KURNAZ,BAKIRKÖY KADIN FUTBOL SPOR KULÜBÜ,BAKIRKÖY KADIN FUTBOL SPOR KULÜBÜ,False,4,3,1,0,0,0,0,0.0,0,0,239
KÜBRA ALTINTAŞ,BAKIRKÖY KADIN FUTBOL SPOR KULÜBÜ,BAKIRKÖY KADIN FUTBOL SPOR KULÜBÜ,False,4,4,0,0,0,0,0,0.0,1,0,360
GÜLÜŞAN YAVUZ,BAKIRKÖY KADIN FUTBOL SPOR KULÜBÜ,BAKIRKÖY KADIN FUTBOL SPOR KULÜBÜ,False,4,2,2,0,0,0,0,0.0,0,0,214
KEVINE OSSOL,HAKKARİGÜCÜ SPOR,HAKKARİGÜCÜ SPOR,False,4,4,0,0,0,0,0,0.0,0,1,360
JUDITH ARIELLE KIRA MENGUENE,SULTANBEYLİ GÜCÜ SPOR KULÜBÜ,SULTANBEYLİ GÜCÜ SPOR KULÜBÜ,False,4,2,2,0,0,0,0,0.0,0,0,161
ZEYNEP IRMAK ÖLMEZER,SULTANBEYLİ GÜCÜ SPOR KULÜBÜ,SULTANBEYLİ GÜCÜ SPOR KULÜBÜ,False,4,1,3,0,0,0,0,0.0,0,0,163
ELENI MARKOU,GALATASARAY A.Ş.,GALATASARAY A.Ş.,False,4,0,4,0,0,0,0,0.0,1,0,123
RESMİYE İLDEN ŞİMŞEK,ŞİLE BİLGİDOĞA SPORTİF YATIRIM HİZMETLERİ A.Ş,ŞİLE BİLGİDOĞA SPORTİF YATIRIM HİZMETLERİ A.Ş,False,4,4,0,0,0,0,0,0.0,1,0,360
ECRİN KOYUN,ŞİLE BİLGİDOĞA SPORTİF YATIRIM HİZMETLERİ A.Ş,ŞİLE BİLGİDOĞA SPORTİF YATIRIM HİZMETLERİ A.Ş,False,4,4,0,0,0,0,0,0.0,0,0,360
ARZU YEDİKARDEŞ,ŞİLE BİLGİDOĞA SPORTİF YATIRIM HİZMETLERİ A.Ş,ŞİLE BİLGİDOĞA SPORTİF YATIRIM HİZMETLERİ A.Ş,False,4,4,0,0,0,0,0,0.0,0,0,304
İLAYDA PINAR,ŞİLE BİLGİDOĞA SPORTİF YATIRIM HİZMETLERİ A.Ş,ŞİLE BİLGİDOĞA SPORTİF YATIRIM HİZMETLERİ A.Ş,False,4,4,0,0,0,0,0,0.0,1,0,360
AYTAJ SHARIFOVA,YÜKSEKOVA SPOR KULÜBÜ,YÜKSEKOVA SPOR KULÜBÜ,False,4,4,0,0,0,0,0,0.0,1,0,360
MERVE ODABAŞOĞLU,YÜKSEKOVA SPOR KULÜBÜ,YÜKSEKOVA SPOR KULÜBÜ,False,4,4,0,0,0,0,0,0.0,1,0,301
NEHİR ZEYTÜNLÜ,YÜKSEKOVA SPOR KULÜBÜ,YÜKSEKOVA SPOR KULÜBÜ,False,4,1,3,0,0,0,0,0.0,0,0,157
NUMPOA MADİNA FABIOLA TRAORE,YÜKSEKOVA SPOR KULÜBÜ,YÜKSEKOVA SPOR KULÜBÜ,False,4,4,0,0,0,0,0,0.0,1,0,360
JUMOKE VIKTORIA ALANİ,YÜKSEKOVA SPOR KULÜBÜ,YÜKSEKOVA SPOR KULÜBÜ,False,4,4,0,0,0,0,0,0.0,1,0,328
AYŞE NUR SERT,YÜKSEKOVA SPOR KULÜBÜ,YÜKSEKOVA SPOR KULÜBÜ,False,4,3,1,0,0,0,0,0.0,1,0,294
AMINATA HAIDARA,YÜKSEKOVA SPOR KULÜBÜ,YÜKSEKOVA SPOR KULÜBÜ,False,4,4,0,0,0,0,0,0.0,2,0,316
BAHAR KOL,YÜKSEKOVA SPOR KULÜBÜ,YÜKSEKOVA SPOR KULÜBÜ,False,4,3,1,0,0,0,0,0.0,0,0,225
ZEYNEP BİLİR,YÜKSEKOVA SPOR KULÜBÜ,YÜKSEKOVA SPOR KULÜBÜ,False,4,1,3,0,0,0,0,0.0,0,0,113
SUZIE MBİANDJİ,YÜKSEKOVA SPOR KULÜBÜ,YÜKSEKOVA SPOR KULÜBÜ,False,4,1,3,0,0,0,0,0.0,1,0,151
AYŞEGÜL AYDIN,KARADEMİR GRUP KAYSERİ KADIN FUTBOL KULÜBÜ,KARADEMİR GRUP KAYSERİ KADIN FUTBOL KULÜBÜ / KAYSERİ KADIN FUTBOL KULÜBÜ,True,4,3,1,0,0,0,0,0.0,0,0,290
FLORENTİNA KOLGECİ,AMED SPORTİF FAALİYETLER,AMED SPORTİF FAALİYETLER,False,4,4,0,0,0,0,0,0.0,0,0,360
MARIE GISELE DIVINE NGAH MANGA,FENERBAHÇE ARSAVEV KADIN FUTBOL TAKIMI,FENERBAHÇE ARSAVEV KADIN FUTBOL TAKIMI,False,3,2,1,4,4,0,0,1.33,0,0,209
CEREN GÜZELHAN,SAFİ MCL BENTONİT ÜNYE KADIN SPOR KULÜBÜ,SAFİ MCL BENTONİT ÜNYE KADIN SPOR KULÜBÜ,False,3,2,1,2,2,0,0,0.67,0,0,211
MAVIS OWUSU,ANKARA BÜYÜKŞEHİR BELEDİYESİ FOMGET SPOR KULÜBÜ,ANKARA BÜYÜKŞEHİR BELEDİYESİ FOMGET SPOR KULÜBÜ,False,3,0,3,2,2,0,0,0.67,0,0,71
ZAWADI USANASE,HAYMANA SPOR KULÜBÜ,HAYMANA SPOR KULÜBÜ,False,3,0,3,1,1,0,0,0.33,0,0,108
KATE ELIZABETH BOWEN,FENERBAHÇE ARSAVEV KADIN FUTBOL TAKIMI,FENERBAHÇE ARSAVEV KADIN FUTBOL TAKIMI,False,3,3,0,1,0,1,0,0.33,0,0,270
PERİTAN BOZDAĞ,FENERBAHÇE ARSAVEV KADIN FUTBOL TAKIMI,FENERBAHÇE ARSAVEV KADIN FUTBOL TAKIMI,False,3,1,2,1,1,0,0,0.33,0,0,76
ERNESTINA ABAMBILA,ANKARA BÜYÜKŞEHİR BELEDİYESİ FOMGET SPOR KULÜBÜ,ANKARA BÜYÜKŞEHİR BELEDİYESİ FOMGET SPOR KULÜBÜ,False,3,3,0,1,1,0,0,0.33,0,0,182
FİLİZ KURTULUŞ,ŞİLE BİLGİDOĞA SPORTİF YATIRIM HİZMETLERİ A.Ş,ŞİLE BİLGİDOĞA SPORTİF YATIRIM HİZMETLERİ A.Ş,False,3,3,0,1,1,0,0,0.33,0,1,270
EBRU TOPÇU,GALATASARAY A.Ş.,GALATASARAY A.Ş.,False,3,3,0,1,1,0,0,0.33,1,0,177
KLIL ELYADA KEMBA KESHWAR,SAFİ MCL BENTONİT ÜNYE KADIN SPOR KULÜBÜ,SAFİ MCL BENTONİT ÜNYE KADIN SPOR KULÜBÜ,False,3,3,0,0,0,0,0,0.0,0,0,270
RREZONA RAMADANI,SAFİ MCL BENTONİT ÜNYE KADIN SPOR KULÜBÜ,SAFİ MCL BENTONİT ÜNYE KADIN SPOR KULÜBÜ,False,3,3,0,0,0,0,0,0.0,0,0,260
SARA MALİQİ,SAFİ MCL BENTONİT ÜNYE KADIN SPOR KULÜBÜ,SAFİ MCL BENTONİT ÜNYE KADIN SPOR KULÜBÜ,False,3,3,0,0,0,0,0,0.0,1,0,270
MARIEM HOUIJ,SAFİ MCL BENTONİT ÜNYE KADIN SPOR KULÜBÜ,SAFİ MCL BENTONİT ÜNYE KADIN SPOR KULÜBÜ,False,3,2,1,0,0,0,0,0.0,1,0,170
PRECIOUS ONYINYECHI CHRISTOPHER,SAFİ MCL BENTONİT ÜNYE KADIN SPOR KULÜBÜ,SAFİ MCL BENTONİT ÜNYE KADIN SPOR KULÜBÜ,False,3,3,0,0,0,0,0,0.0,0,0,270
ELİF KESGİN,SAFİ MCL BENTONİT ÜNYE KADIN SPOR KULÜBÜ,SAFİ MCL BENTONİT ÜNYE KADIN SPOR KULÜBÜ,False,3,3,0,0,0,0,0,0.0,2,0,270
YETUNDE ZARAT AYANTOSHO,SAFİ MCL BENTONİT ÜNYE KADIN SPOR KULÜBÜ,SAFİ MCL BENTONİT ÜNYE KADIN SPOR KULÜBÜ,False,3,2,1,0,0,0,0,0.0,0,0,135
NAGEHAN AKŞAN,SAFİ MCL BENTONİT ÜNYE KADIN SPOR KULÜBÜ,SAFİ MCL BENTONİT ÜNYE KADIN SPOR KULÜBÜ,False,3,3,0,0,0,0,0,0.0,0,0,270
PHILOMENA ABAKAH,SAFİ MCL BENTONİT ÜNYE KADIN SPOR KULÜBÜ,SAFİ MCL BENTONİT ÜNYE KADIN SPOR KULÜBÜ,False,3,3,0,0,0,0,0,0.0,1,0,247
NAZMİYE AYTOP,SAFİ MCL BENTONİT ÜNYE KADIN SPOR KULÜBÜ,SAFİ MCL BENTONİT ÜNYE KADIN SPOR KULÜBÜ,False,3,2,1,0,0,0,0,0.0,0,0,189
EMİNE YAREN ÇOLAK,SAFİ MCL BENTONİT ÜNYE KADIN SPOR KULÜBÜ,SAFİ MCL BENTONİT ÜNYE KADIN SPOR KULÜBÜ,False,3,1,2,0,0,0,0,0.0,0,0,147
SELDA AKGÖZ,BEŞİKTAŞ A.Ş.,BEŞİKTAŞ A.Ş.,False,3,3,0,0,0,0,0,0.0,1,0,270
MESUARE BEGALLO,BEŞİKTAŞ A.Ş.,BEŞİKTAŞ A.Ş.,False,3,0,3,0,0,0,0,0.0,0,0,56
ECEM CUMERT,GALATASARAY A.Ş.,GALATASARAY A.Ş.,False,3,0,3,0,0,0,0,0.0,0,0,49
VITORIA SILVA DE ALMEIDA,GALATASARAY A.Ş.,GALATASARAY A.Ş.,False,3,1,2,0,0,0,0,0.0,0,0,107
OLIWIA JOANNA DOMIN,GALATASARAY A.Ş.,GALATASARAY A.Ş.,False,3,1,2,0,0,0,0,0.0,0,0,127
MADINATOU ROUAMBA,TRABZONSPOR A.Ş.,TRABZONSPOR A.Ş.,False,3,3,0,0,0,0,0,0.0,0,0,270
MILLIE LAURA FARROW,TRABZONSPOR A.Ş.,TRABZONSPOR A.Ş.,False,3,3,0,0,0,0,0,0.0,1,0,174
OLHA OVDIYCHUK,TRABZONSPOR A.Ş.,TRABZONSPOR A.Ş.,False,3,3,0,0,0,0,0,0.0,0,0,270
RABİYA İSGİ,TRABZONSPOR A.Ş.,TRABZONSPOR A.Ş.,False,3,1,2,0,0,0,0,0.0,0,0,138
RITA DOKU,1207 ANTALYASPOR  KADIN FUTBOL KULÜBÜ,1207 ANTALYASPOR  KADIN FUTBOL KULÜBÜ,False,3,3,0,0,0,0,0,0.0,2,0,258
MELİSA KARA,GİRESUN SANAYİSPOR,GİRESUN SANAYİSPOR,False,3,3,0,0,0,0,0,0.0,0,0,270
ESMA SULTAN ÇELİK,GİRESUN SANAYİSPOR,GİRESUN SANAYİSPOR,False,3,3,0,0,0,0,0,0.0,0,0,270
ASYA BAYRAKTAR,GİRESUN SANAYİSPOR,GİRESUN SANAYİSPOR,False,3,3,0,0,0,0,0,0.0,0,0,270
İLAYDA AKDENİZ,GİRESUN SANAYİSPOR,GİRESUN SANAYİSPOR,False,3,3,0,0,0,0,0,0.0,0,0,270
NEVCAN KELEŞ,GİRESUN SANAYİSPOR,GİRESUN SANAYİSPOR,False,3,3,0,0,0,0,0,0.0,0,0,270
NATALIA MUNTEANU,FENERBAHÇE ARSAVEV KADIN FUTBOL TAKIMI,FENERBAHÇE ARSAVEV KADIN FUTBOL TAKIMI,False,3,3,0,0,0,0,0,0.0,0,0,270
İPEK KAYA,FENERBAHÇE ARSAVEV KADIN FUTBOL TAKIMI,FENERBAHÇE ARSAVEV KADIN FUTBOL TAKIMI,False,3,3,0,0,0,0,0,0.0,1,0,270
MESUDE ALAYONT,FENERBAHÇE ARSAVEV KADIN FUTBOL TAKIMI,FENERBAHÇE ARSAVEV KADIN FUTBOL TAKIMI,False,3,2,1,0,0,0,0,0.0,0,0,177
ARİFE YAREN ÇANKAYA,KARADEMİR GRUP KAYSERİ KADIN FUTBOL KULÜBÜ,KARADEMİR GRUP KAYSERİ KADIN FUTBOL KULÜBÜ / KAYSERİ KADIN FUTBOL KULÜBÜ,True,3,0,3,0,0,0,0,0.0,0,0,19
SUDENUR YOLCU,SULTANBEYLİ GÜCÜ SPOR KULÜBÜ,SULTANBEYLİ GÜCÜ SPOR KULÜBÜ,False,3,3,0,0,0,0,0,0.0,0,0,270
HANİFE ZEYNEP BİRİZ,BAKIRKÖY KADIN FUTBOL SPOR KULÜBÜ,BAKIRKÖY KADIN FUTBOL SPOR KULÜBÜ,False,3,1,2,0,0,0,0,0.0,0,0,99
NUR YUNTÜR,SULTANBEYLİ GÜCÜ SPOR KULÜBÜ,SULTANBEYLİ GÜCÜ SPOR KULÜBÜ,False,3,2,1,0,0,0,0,0.0,1,0,182
SİNEM BASAK,HAKKARİGÜCÜ SPOR,HAKKARİGÜCÜ SPOR,False,3,3,0,0,0,0,0,0.0,0,0,225
MİNENUR SARIOĞLU,ŞİLE BİLGİDOĞA SPORTİF YATIRIM HİZMETLERİ A.Ş,ŞİLE BİLGİDOĞA SPORTİF YATIRIM HİZMETLERİ A.Ş,False,3,2,1,0,0,0,0,0.0,0,0,224
HAVANUR ATEŞ,ŞİLE BİLGİDOĞA SPORTİF YATIRIM HİZMETLERİ A.Ş,ŞİLE BİLGİDOĞA SPORTİF YATIRIM HİZMETLERİ A.Ş,False,3,1,2,0,0,0,0,0.0,0,0,96
ARİFE İSPİROĞLU,ŞİLE BİLGİDOĞA SPORTİF YATIRIM HİZMETLERİ A.Ş,ŞİLE BİLGİDOĞA SPORTİF YATIRIM HİZMETLERİ A.Ş,False,3,2,1,0,0,0,0,0.0,0,0,197
ÜLKÜ SILA TIRAŞ,HAYMANA SPOR KULÜBÜ,HAYMANA SPOR KULÜBÜ,False,3,0,3,0,0,0,0,0.0,0,0,77
FADIMATOU ARETOUYAP KOME,BEŞİKTAŞ A.Ş.,BEŞİKTAŞ A.Ş.,False,3,3,0,0,0,0,0,0.0,0,0,270
anastthesıa achıaa,YÜKSEKOVA SPOR KULÜBÜ,YÜKSEKOVA SPOR KULÜBÜ,False,3,1,2,0,0,0,0,0.0,0,0,95
SARAH YASONGAMO MAKANDA,1207 ANTALYASPOR  KADIN FUTBOL KULÜBÜ,1207 ANTALYASPOR  KADIN FUTBOL KULÜBÜ,False,3,3,0,0,0,0,0,0.0,0,0,253
BETINA PETIT-FRERE,AMED SPORTİF FAALİYETLER,AMED SPORTİF FAALİYETLER,False,3,2,1,0,0,0,0,0.0,0,0,171
COLETTE NDZANA FEGUE,FENERBAHÇE ARSAVEV KADIN FUTBOL TAKIMI,FENERBAHÇE ARSAVEV KADIN FUTBOL TAKIMI,False,3,2,1,0,0,0,0,0.0,0,0,171
COULOBA SOGORE,HAKKARİGÜCÜ SPOR,HAKKARİGÜCÜ SPOR,False,3,3,0,0,0,0,0,0.0,1,0,270
EMEM PEACE ESSIEN,HAKKARİGÜCÜ SPOR,HAKKARİGÜCÜ SPOR,False,3,3,0,0,0,0,0,0.0,0,0,270
YAREN ŞURUTOĞLU,ŞİLE BİLGİDOĞA SPORTİF YATIRIM HİZMETLERİ A.Ş,ŞİLE BİLGİDOĞA SPORTİF YATIRIM HİZMETLERİ A.Ş,False,3,3,0,0,0,0,0,0.0,0,0,253
ECE AYDIN,BAKIRKÖY KADIN FUTBOL SPOR KULÜBÜ,BAKIRKÖY KADIN FUTBOL SPOR KULÜBÜ,False,3,3,0,0,0,0,0,0.0,0,0,225
NEHİR AYDIN,BAKIRKÖY KADIN FUTBOL SPOR KULÜBÜ,BAKIRKÖY KADIN FUTBOL SPOR KULÜBÜ,False,3,3,0,0,0,0,0,0.0,0,0,268
ECRİN NAZ ŞENTÜRK,BAKIRKÖY KADIN FUTBOL SPOR KULÜBÜ,BAKIRKÖY KADIN FUTBOL SPOR KULÜBÜ,False,3,3,0,0,0,0,0,0.0,0,0,270
RITA AKAREKOR,KARADEMİR GRUP KAYSERİ KADIN FUTBOL KULÜBÜ,KARADEMİR GRUP KAYSERİ KADIN FUTBOL KULÜBÜ,False,3,3,0,0,0,0,0,0.0,0,0,225
ELVİN KILINÇ,KARADEMİR GRUP KAYSERİ KADIN FUTBOL KULÜBÜ,KARADEMİR GRUP KAYSERİ KADIN FUTBOL KULÜBÜ,False,3,1,2,0,0,0,0,0.0,0,0,74
SEJDE AFTONİA AYLLİN AYKAL,ANKARA BÜYÜKŞEHİR BELEDİYESİ FOMGET SPOR KULÜBÜ,ANKARA BÜYÜKŞEHİR BELEDİYESİ FOMGET SPOR KULÜBÜ,False,2,2,0,2,0,2,0,1.0,0,0,180
GRACE ESPERANCE BLEU,ŞİLE BİLGİDOĞA SPORTİF YATIRIM HİZMETLERİ A.Ş,ŞİLE BİLGİDOĞA SPORTİF YATIRIM HİZMETLERİ A.Ş,False,2,2,0,2,1,1,0,1.0,1,0,174
FRANCESCA ALIN LUEYA,1207 ANTALYASPOR  KADIN FUTBOL KULÜBÜ,1207 ANTALYASPOR  KADIN FUTBOL KULÜBÜ,False,2,0,2,1,1,0,0,0.5,0,0,49
KEVSER KARTAL,AMED SPORTİF FAALİYETLER,AMED SPORTİF FAALİYETLER,False,2,1,1,1,1,0,0,0.5,2,0,134
SUHDE NUR ARPACI,SAFİ MCL BENTONİT ÜNYE KADIN SPOR KULÜBÜ,SAFİ MCL BENTONİT ÜNYE KADIN SPOR KULÜBÜ,False,2,2,0,0,0,0,0,0.0,0,0,180
BERNA YENİÇERİ,BEŞİKTAŞ A.Ş.,BEŞİKTAŞ A.Ş.,False,2,0,2,0,0,0,0,0.0,0,0,16
AMIRA OULD BRAHAM,BEŞİKTAŞ A.Ş.,BEŞİKTAŞ A.Ş.,False,2,0,2,0,0,0,0,0.0,1,0,85
CHANG JANG,GALATASARAY A.Ş.,GALATASARAY A.Ş.,False,2,2,0,0,0,0,0,0.0,0,0,112
CHIOMA OLISE,TRABZONSPOR A.Ş.,TRABZONSPOR A.Ş.,False,2,0,2,0,0,0,0,0.0,1,0,43
EUPHRASIER SHILWATSO,HAYMANA SPOR KULÜBÜ,HAYMANA SPOR KULÜBÜ,False,2,1,1,0,0,0,0,0.0,0,0,71
ŞEFİKA ÖZ,1207 ANTALYASPOR  KADIN FUTBOL KULÜBÜ,1207 ANTALYASPOR  KADIN FUTBOL KULÜBÜ,False,2,2,0,0,0,0,0,0.0,0,0,146
SELİN SİVRİKAYA,1207 ANTALYASPOR  KADIN FUTBOL KULÜBÜ,1207 ANTALYASPOR  KADIN FUTBOL KULÜBÜ,False,2,2,0,0,0,0,0,0.0,0,0,149
HAZAL KÖKSALDI,GİRESUN SANAYİSPOR,GİRESUN SANAYİSPOR,False,2,2,0,0,0,0,0,0.0,0,0,180
PAMUK AYDIN,GİRESUN SANAYİSPOR,GİRESUN SANAYİSPOR,False,2,2,0,0,0,0,0,0.0,0,0,180
YAĞMUR FATMANUR OCAK,GİRESUN SANAYİSPOR,GİRESUN SANAYİSPOR,False,2,2,0,0,0,0,0,0.0,0,0,180
NESLİHAN DEMİRDÖGEN,GİRESUN SANAYİSPOR,GİRESUN SANAYİSPOR,False,2,2,0,0,0,0,0,0.0,0,0,180
BRIDGET ADU,ANKARA BÜYÜKŞEHİR BELEDİYESİ FOMGET SPOR KULÜBÜ,ANKARA BÜYÜKŞEHİR BELEDİYESİ FOMGET SPOR KULÜBÜ,False,2,2,0,0,0,0,0,0.0,0,0,153
PAULINA ALI,ANKARA BÜYÜKŞEHİR BELEDİYESİ FOMGET SPOR KULÜBÜ,ANKARA BÜYÜKŞEHİR BELEDİYESİ FOMGET SPOR KULÜBÜ,False,2,2,0,0,0,0,0,0.0,0,0,136
YAĞMUR KARADEMİR,KAYSERİ KADIN FUTBOL KULÜBÜ,KAYSERİ KADIN FUTBOL KULÜBÜ,False,2,2,0,0,0,0,0,0.0,0,0,180
JULIET CHIKA EMEREOLE,KAYSERİ KADIN FUTBOL KULÜBÜ,KAYSERİ KADIN FUTBOL KULÜBÜ,False,2,2,0,0,0,0,0,0.0,1,0,180
ADAOBI JUDITH OKAH,KAYSERİ KADIN FUTBOL KULÜBÜ,KAYSERİ KADIN FUTBOL KULÜBÜ / KARADEMİR GRUP KAYSERİ KADIN FUTBOL KULÜBÜ,True,2,0,2,0,0,0,0,0.0,0,0,32
ALEXANDRA RAISSA MATEUS SOARES,SULTANBEYLİ GÜCÜ SPOR KULÜBÜ,SULTANBEYLİ GÜCÜ SPOR KULÜBÜ,False,2,1,1,0,0,0,0,0.0,0,0,62
MELİKE ALAGÖZ,BAKIRKÖY KADIN FUTBOL SPOR KULÜBÜ,BAKIRKÖY KADIN FUTBOL SPOR KULÜBÜ,False,2,1,1,0,0,0,0,0.0,0,1,122
ŞEVVAL DURSUN,HAKKARİGÜCÜ SPOR,HAKKARİGÜCÜ SPOR,False,2,1,1,0,0,0,0,0.0,0,0,126
RUMEYSA AKKUŞ,ANKARA BÜYÜKŞEHİR BELEDİYESİ FOMGET SPOR KULÜBÜ,ANKARA BÜYÜKŞEHİR BELEDİYESİ FOMGET SPOR KULÜBÜ,False,2,0,2,0,0,0,0,0.0,0,0,46
EYLÜL ÇAYAN,GİRESUN SANAYİSPOR,GİRESUN SANAYİSPOR,False,2,2,0,0,0,0,0,0.0,0,0,180
NURSEL ÖZKAN,HAKKARİGÜCÜ SPOR,HAKKARİGÜCÜ SPOR,False,2,1,1,0,0,0,0,0.0,0,0,49
ECENAZ SEÇGİNLİ,ŞİLE BİLGİDOĞA SPORTİF YATIRIM HİZMETLERİ A.Ş,ŞİLE BİLGİDOĞA SPORTİF YATIRIM HİZMETLERİ A.Ş,False,2,2,0,0,0,0,0,0.0,0,0,180
ÇAĞLA GEDİK,ŞİLE BİLGİDOĞA SPORTİF YATIRIM HİZMETLERİ A.Ş,ŞİLE BİLGİDOĞA SPORTİF YATIRIM HİZMETLERİ A.Ş,False,2,2,0,0,0,0,0,0.0,0,0,136
BUSE GÜL ÖZKAN,ŞİLE BİLGİDOĞA SPORTİF YATIRIM HİZMETLERİ A.Ş,ŞİLE BİLGİDOĞA SPORTİF YATIRIM HİZMETLERİ A.Ş,False,2,0,2,0,0,0,0,0.0,0,0,100
MELISSA SANDRINE BEHINAN,TRABZONSPOR A.Ş.,TRABZONSPOR A.Ş.,False,2,0,2,0,0,0,0,0.0,0,0,27
MARLENE ESSIMI EWOUDOU,KARADEMİR GRUP KAYSERİ KADIN FUTBOL KULÜBÜ,KARADEMİR GRUP KAYSERİ KADIN FUTBOL KULÜBÜ,False,2,2,0,0,0,0,0,0.0,1,0,136
MELİKE DİNÇEL,AMED SPORTİF FAALİYETLER,AMED SPORTİF FAALİYETLER,False,2,0,2,0,0,0,0,0.0,0,0,28
GLORY AKUMBU OGBONNA,BEŞİKTAŞ A.Ş.,BEŞİKTAŞ A.Ş.,False,2,0,2,0,0,0,0,0.0,0,0,59
SEDA NUR İNCİK,ANKARA BÜYÜKŞEHİR BELEDİYESİ FOMGET SPOR KULÜBÜ,ANKARA BÜYÜKŞEHİR BELEDİYESİ FOMGET SPOR KULÜBÜ,False,2,0,2,0,0,0,0,0.0,0,0,58
CEMİLE BERİL GÜNAY,BAKIRKÖY KADIN FUTBOL SPOR KULÜBÜ,BAKIRKÖY KADIN FUTBOL SPOR KULÜBÜ,False,2,2,0,0,0,0,0,0.0,1,0,173
ARZU AKKURT,GALATASARAY A.Ş.,GALATASARAY A.Ş.,False,2,0,2,0,0,0,0,0.0,0,0,50
LAMFIR OCEANE KONAN,ŞİLE BİLGİDOĞA SPORTİF YATIRIM HİZMETLERİ A.Ş,ŞİLE BİLGİDOĞA SPORTİF YATIRIM HİZMETLERİ A.Ş,False,2,2,0,0,0,0,0,0.0,0,0,180
GAMZE DEMİRTAŞ,ŞİLE BİLGİDOĞA SPORTİF YATIRIM HİZMETLERİ A.Ş,ŞİLE BİLGİDOĞA SPORTİF YATIRIM HİZMETLERİ A.Ş,False,2,2,0,0,0,0,0,0.0,0,0,180
NAZLI FERİDE ALETİRİK,ŞİLE BİLGİDOĞA SPORTİF YATIRIM HİZMETLERİ A.Ş,ŞİLE BİLGİDOĞA SPORTİF YATIRIM HİZMETLERİ A.Ş,False,2,2,0,0,0,0,0,0.0,0,0,180
ARBIONA BAJRAKTARI,ANKARA BÜYÜKŞEHİR BELEDİYESİ FOMGET SPOR KULÜBÜ,ANKARA BÜYÜKŞEHİR BELEDİYESİ FOMGET SPOR KULÜBÜ,False,2,2,0,0,0,0,0,0.0,0,0,178
KEZBAN TAĞ,ANKARA BÜYÜKŞEHİR BELEDİYESİ FOMGET SPOR KULÜBÜ,ANKARA BÜYÜKŞEHİR BELEDİYESİ FOMGET SPOR KULÜBÜ,False,2,2,0,0,0,0,0,0.0,0,0,180
KARLY HARFOUCHE,1207 ANTALYASPOR  KADIN FUTBOL KULÜBÜ,1207 ANTALYASPOR  KADIN FUTBOL KULÜBÜ,False,2,1,1,0,0,0,0,0.0,0,0,102
YAŞAM GÖKSU,FENERBAHÇE ARSAVEV KADIN FUTBOL TAKIMI,FENERBAHÇE ARSAVEV KADIN FUTBOL TAKIMI,False,1,1,0,3,1,2,0,3.0,0,0,90
MERVE NUR TAŞUCU,ANKARA BÜYÜKŞEHİR BELEDİYESİ FOMGET SPOR KULÜBÜ,ANKARA BÜYÜKŞEHİR BELEDİYESİ FOMGET SPOR KULÜBÜ,False,1,1,0,1,1,0,0,1.0,0,0,90
PRECIOUS UJU OBASI,KAYSERİ KADIN FUTBOL KULÜBÜ,KAYSERİ KADIN FUTBOL KULÜBÜ,False,1,0,1,1,1,0,0,1.0,1,0,44
FATMA ATAŞ,GİRESUN SANAYİSPOR,GİRESUN SANAYİSPOR,False,1,1,0,1,1,0,0,1.0,0,0,90
SUDE NUR SÖZÜDOĞRU,AMED SPORTİF FAALİYETLER,AMED SPORTİF FAALİYETLER,False,1,1,0,0,0,0,0,0.0,0,0,90
GÜLBİN HIZ,ANKARA BÜYÜKŞEHİR BELEDİYESİ FOMGET SPOR KULÜBÜ,ANKARA BÜYÜKŞEHİR BELEDİYESİ FOMGET SPOR KULÜBÜ,False,1,1,0,0,0,0,0,0.0,1,0,90
TUANA YILMAZ,SULTANBEYLİ GÜCÜ SPOR KULÜBÜ,SULTANBEYLİ GÜCÜ SPOR KULÜBÜ,False,1,1,0,0,0,0,0,0.0,0,0,90
FATMANUR YANTUR,SULTANBEYLİ GÜCÜ SPOR KULÜBÜ,SULTANBEYLİ GÜCÜ SPOR KULÜBÜ,False,1,1,0,0,0,0,0,0.0,0,0,90
SENA GÖKSOY,BAKIRKÖY KADIN FUTBOL SPOR KULÜBÜ,BAKIRKÖY KADIN FUTBOL SPOR KULÜBÜ,False,1,1,0,0,0,0,0,0.0,0,0,90
ÇİMEN ERDİN,HAKKARİGÜCÜ SPOR,HAKKARİGÜCÜ SPOR,False,1,1,0,0,0,0,0,0.0,0,0,90
İREM PEHLİVAN,ANKARA BÜYÜKŞEHİR BELEDİYESİ FOMGET SPOR KULÜBÜ,ANKARA BÜYÜKŞEHİR BELEDİYESİ FOMGET SPOR KULÜBÜ,False,1,1,0,0,0,0,0,0.0,0,0,90
SEVİLAY DUMAN,ANKARA BÜYÜKŞEHİR BELEDİYESİ FOMGET SPOR KULÜBÜ,ANKARA BÜYÜKŞEHİR BELEDİYESİ FOMGET SPOR KULÜBÜ,False,1,1,0,0,0,0,0,0.0,0,0,90
KAFAYAT FOLAKEMI SHITTU,SAFİ MCL BENTONİT ÜNYE KADIN SPOR KULÜBÜ,SAFİ MCL BENTONİT ÜNYE KADIN SPOR KULÜBÜ,False,1,1,0,0,0,0,0,0.0,0,0,90
HATİCE YAŞAR,HAKKARİGÜCÜ SPOR,HAKKARİGÜCÜ SPOR,False,1,0,1,0,0,0,0,0.0,0,0,41
ZEYNEP ELA UYANIK,HAYMANA SPOR KULÜBÜ,HAYMANA SPOR KULÜBÜ,False,1,0,1,0,0,0,0,0.0,0,0,44
NUR BAHAR DUMAN,HAYMANA SPOR KULÜBÜ,HAYMANA SPOR KULÜBÜ,False,1,0,1,0,0,0,0,0.0,0,0,30
ECEMNUR ÖZTÜRK,BEŞİKTAŞ A.Ş.,BEŞİKTAŞ A.Ş.,False,1,0,1,0,0,0,0,0.0,0,0,4
SEVİNC FAYIL QIZI JAFARZADE,YÜKSEKOVA SPOR KULÜBÜ,YÜKSEKOVA SPOR KULÜBÜ,False,1,1,0,0,0,0,0,0.0,0,0,21
BENAN ALTINTAŞ,TRABZONSPOR A.Ş.,TRABZONSPOR A.Ş.,False,1,0,1,0,0,0,0,0.0,0,0,44
SOLEDAD MARIA GUDELIA BELOTTO ALE,FENERBAHÇE ARSAVEV KADIN FUTBOL TAKIMI,FENERBAHÇE ARSAVEV KADIN FUTBOL TAKIMI,False,1,1,0,0,0,0,0,0.0,0,0,90
CANSU GÜREL,FENERBAHÇE ARSAVEV KADIN FUTBOL TAKIMI,FENERBAHÇE ARSAVEV KADIN FUTBOL TAKIMI,False,1,1,0,0,0,0,0,0.0,0,0,90
HANİFE ESRA ÇETİNKAYA,BAKIRKÖY KADIN FUTBOL SPOR KULÜBÜ,BAKIRKÖY KADIN FUTBOL SPOR KULÜBÜ,False,1,0,1,0,0,0,0,0.0,1,0,32
AYŞE NUR GÖKTÜRK,SULTANBEYLİ GÜCÜ SPOR KULÜBÜ,SULTANBEYLİ GÜCÜ SPOR KULÜBÜ,False,1,1,0,0,0,0,0,0.0,0,0,90
BEYZA SEMERCİOĞLU,AMED SPORTİF FAALİYETLER,AMED SPORTİF FAALİYETLER,False,1,0,1,0,0,0,0,0.0,0,0,22
RABİYA KARAGÜL,AMED SPORTİF FAALİYETLER,AMED SPORTİF FAALİYETLER,False,1,0,1,0,0,0,0,0.0,0,0,12
İREM DAMLA ŞAHİN,BEŞİKTAŞ A.Ş.,BEŞİKTAŞ A.Ş.,False,1,1,0,0,0,0,0,0.0,0,0,90
YANA DERKACH,BEŞİKTAŞ A.Ş.,BEŞİKTAŞ A.Ş.,False,1,0,1,0,0,0,0,0.0,0,0,17
TUANA ŞAHİN,AMED SPORTİF FAALİYETLER,AMED SPORTİF FAALİYETLER,False,1,0,1,0,0,0,0,0.0,0,0,44
NİDA DAĞLIOĞLU,AMED SPORTİF FAALİYETLER,AMED SPORTİF FAALİYETLER,False,1,0,1,0,0,0,0,0.0,0,0,9
ESMANUR DURAL,AMED SPORTİF FAALİYETLER,AMED SPORTİF FAALİYETLER,False,1,0,1,0,0,0,0,0.0,0,0,9
İREM EREN,GALATASARAY A.Ş.,GALATASARAY A.Ş.,False,1,0,1,0,0,0,0,0.0,0,0,22
HANDE DENİZ,GİRESUN SANAYİSPOR,GİRESUN SANAYİSPOR,False,1,1,0,0,0,0,0,0.0,0,0,90
GÖZDE UÇAR,GİRESUN SANAYİSPOR,GİRESUN SANAYİSPOR,False,1,1,0,0,0,0,0,0.0,0,0,90
MİNE OKAYTU,KARADEMİR GRUP KAYSERİ KADIN FUTBOL KULÜBÜ,KARADEMİR GRUP KAYSERİ KADIN FUTBOL KULÜBÜ,False,1,0,1,0,0,0,0,0.0,0,0,17
ASİYE DAMLA KASAP,KARADEMİR GRUP KAYSERİ KADIN FUTBOL KULÜBÜ,KARADEMİR GRUP KAYSERİ KADIN FUTBOL KULÜBÜ,False,1,0,1,0,0,0,0,0.0,0,0,45
SAMIRA ASHIROVA,ŞİLE BİLGİDOĞA SPORTİF YATIRIM HİZMETLERİ A.Ş,ŞİLE BİLGİDOĞA SPORTİF YATIRIM HİZMETLERİ A.Ş,False,1,1,0,0,0,0,0,0.0,0,0,90
SILA BESRA TETİK,GALATASARAY A.Ş.,GALATASARAY A.Ş.,False,1,0,1,0,0,0,0,0.0,0,0,0
ŞEYMANUR ERCAN,HAYMANA SPOR KULÜBÜ,HAYMANA SPOR KULÜBÜ,False,1,0,1,0,0,0,0,0.0,0,0,7
İSMİGÜL YALÇINER,BAKIRKÖY KADIN FUTBOL SPOR KULÜBÜ,BAKIRKÖY KADIN FUTBOL SPOR KULÜBÜ,False,1,1,0,0,0,0,0,0.0,0,0,90
FATMA SARE ÖZTÜRK,TRABZONSPOR A.Ş.,TRABZONSPOR A.Ş.,False,1,0,1,0,0,0,0,0.0,0,0,3
AZRA ARDOS,TRABZONSPOR A.Ş.,TRABZONSPOR A.Ş.,False,1,0,1,0,0,0,0,0.0,0,0,8
DUYGU YILMAZ,SULTANBEYLİ GÜCÜ SPOR KULÜBÜ,SULTANBEYLİ GÜCÜ SPOR KULÜBÜ,False,1,1,0,0,0,0,0,0.0,0,0,90
CANAN ÇETİN,SULTANBEYLİ GÜCÜ SPOR KULÜBÜ,SULTANBEYLİ GÜCÜ SPOR KULÜBÜ,False,1,0,1,0,0,0,0,0.0,0,0,2
FATMA ŞAHİN,TRABZONSPOR A.Ş.,TRABZONSPOR A.Ş.,False,0,0,0,0,0,0,0,0,1,0,0
